postcode,year,disadvantage,econ_resources,educ_occupation
5010,1998,657.8190307617188,790.040283203125,781.9666259765618
2559,1998,658.9935302734375,808.5367065429673,813.6743896484375
2017,1998,719.167333984375,814.4758911132813,945.2356201171879
5113,1998,770.8290893554686,856.2183471679691,800.1467895507813
2163,1998,779.2221435546871,865.7247802734382,875.3710571289062
821,1998,783.4543334960945,856.2008666992188,924.4429077148438
822,1998,783.4543334960945,856.2008666992188,924.4429077148438
2166,1998,790.9496459960938,905.99267578125,863.8689697265627
7019,1998,801.2433959960936,868.184326171875,847.0753784179688
7016,1998,808.4286743164066,876.8285522460938,803.0922485351562
3047,1998,814.2394165039059,900.5549194335945,836.7861816406251
5084,1998,816.8959472656252,863.767956542968,890.7289794921875
4114,1998,826.2749267578129,892.8137084960936,843.7251831054687
7030,1998,828.8805419921876,883.2492065429688,833.5204711914063
5017,1998,830.2482421874993,871.2177856445305,857.3774169921871
872,1998,832.8994018554688,856.4669067382783,946.8290405273438
5013,1998,832.9067871093751,893.1563964843754,866.8345214843748
2506,1998,834.789794921875,896.4212158203127,855.5963745117188
2502,1998,835.6681274414059,910.6595092773441,855.3896484375
3214,1998,837.6599487304684,906.4850463867188,835.5724853515621
3171,1998,838.5750000000007,922.4267211914066,868.3700561523438
5164,1998,840.77978515625,876.805041503907,846.2641479492186
7305,1998,843.8680664062504,884.4037109374985,810.1602539062515
2770,1998,844.9840332031254,925.9043701171877,874.2364013671877
4497,1998,846.4358154296879,884.4254150390625,926.1613891601564
4674,1998,847.1937988281243,853.9051879882809,872.1491821289064
5112,1998,848.6332153320309,902.7369018554688,863.0517944335937
3177,1998,850.0912963867195,911.903186035157,845.0447875976561
2505,1998,851.5697631835938,914.6083740234371,873.9199707031248
2564,1998,852.2985595703126,925.5659545898434,896.3481567382812
5734,1998,853.4468261718721,866.9483154296868,933.250268554686
2177,1998,861.2038696289055,976.0288208007813,910.701904296875
2341,1998,862.12783203125,888.5886474609379,844.1454345703123
4077,1998,862.1954833984382,924.8731079101563,893.2565307617188
6061,1998,864.1974853515626,908.3459594726564,883.8136230468754
2848,1998,868.2996337890627,900.6659179687485,870.0575439453123
4383,1998,868.340576171875,890.633190917968,806.0540161132813
3020,1998,869.6170654296875,932.5717407226566,881.5834838867188
5168,1998,872.0782104492191,902.9439453125001,873.9234497070313
2297,1998,872.8381103515621,907.5783569335945,943.391467285157
7248,1998,875.0886840820313,888.8230834960941,900.2713378906251
3081,1998,876.7318969726566,906.0539916992184,941.9727783203125
3048,1998,876.775988769532,945.280737304689,863.9385498046877
3031,1998,877.90380859375,927.657690429689,1033.792858886718
7117,1998,879.149792480468,939.6695922851577,843.155627441407
3061,1998,880.1084960937515,936.9834106445305,869.1195800781252
2326,1998,881.2314086914062,929.7200927734375,847.7855712890626
4076,1998,881.359399414061,944.7115478515625,892.3685424804687
2168,1998,882.3786376953121,969.7152709960938,899.1547485351562
6429,1998,884.6613159179688,951.1960815429688,878.1737670898438
4110,1998,885.1466796875002,927.3945556640629,878.1014282226563
3025,1998,886.2531982421874,942.4309570312507,887.16943359375
3200,1998,887.3142578125007,939.7908081054684,869.7861328125
4804,1998,890.340844726561,914.1212890624993,853.6977661132805
6165,1998,891.7914672851566,952.5594116210923,861.8417480468752
6167,1998,891.7914672851566,952.5594116210923,861.8417480468752
5108,1998,892.1435913085938,939.4240844726555,866.37841796875
5253,1998,892.5275146484373,909.4808349609375,876.5419677734375
4676,1998,892.54638671875,882.7472167968735,880.1512207031251
5260,1998,893.6099121093757,891.3837768554695,847.4175170898438
881,1998,894.7910644531257,946.2327026367202,959.1525268554688
2195,1998,895.137097167968,911.3169067382805,935.1216796875001
5107,1998,895.1421264648438,936.9513549804688,874.3841308593751
3021,1998,895.4296752929695,956.3554321289048,886.8745849609377
4131,1998,895.5082397460938,941.9563720703127,901.9779052734375
7027,1998,895.6926025390626,846.9531982421868,900.9090087890627
5015,1998,895.7340454101577,914.5975219726561,919.6942871093743
2304,1998,896.8263427734373,910.384765625,924.3752929687498
4508,1998,897.0715576171879,936.5115722656265,870.8346191406254
2415,1998,897.3731933593735,864.7028076171882,824.5455932617188
3940,1998,897.5702392578132,892.1029174804687,881.3275146484375
4490,1998,898.5897460937504,888.3777709960941,923.814697265625
5085,1998,898.8048339843735,907.5487548828123,927.5058227539066
2144,1998,899.7107788085923,933.9281860351566,937.6707275390626
2528,1998,900.0820922851563,946.2091674804688,889.6124267578125
4816,1998,900.2804931640621,919.2425659179689,897.599853515625
4375,1998,901.1201578776054,943.1200683593743,871.8471557617186
3060,1998,901.1834228515627,939.2952392578118,896.2179199218749
5110,1998,902.3120971679673,958.5503051757805,858.5922363281243
6102,1998,902.5688720703129,893.526586914064,990.2898681640618
6106,1998,902.5688720703129,893.526586914064,990.2898681640618
6642,1998,904.247045898439,947.4347656249993,944.7391113281246
5540,1998,904.3279541015618,908.5395874023434,892.1191528320312
4132,1998,904.9980957031257,959.3058227539059,863.5943847656254
5550,1998,905.5202880859379,905.7232177734368,864.4030639648445
3074,1998,905.5756591796871,960.9967041015625,878.9289672851564
4468,1998,906.7959838867191,918.602648925782,869.7699462890626
3915,1998,907.1120361328125,939.2009399414064,890.0916625976563
3175,1998,907.3973632812504,944.6806640625,909.2525268554687
2295,1998,908.2637329101563,939.4489868164062,930.8903930664064
6560,1998,908.2996215820313,940.4896728515596,885.6970581054687
4227,1998,909.6248413085937,922.3728881835937,927.7494506835938
2194,1998,909.8006958007827,929.2893432617184,953.7926513671873
2327,1998,910.5921875000004,942.5641113281235,868.9488037109377
3174,1998,910.6109619140625,945.7875122070309,907.0463256835938
3075,1998,910.9557739257816,960.956921386718,883.9914794921879
2440,1998,911.0552124023434,904.911511230468,921.4045898437498
7331,1998,911.262805175782,900.414196777343,898.4290039062501
5008,1998,912.5912109375004,916.0987182617187,950.7213989257813
5014,1998,914.1467041015621,913.3526000976563,923.6377197265625
5700,1998,914.2060546875,909.2410034179684,936.9844238281248
5023,1998,914.599609375,923.5257934570309,919.6363647460937
2142,1998,915.8000854492184,941.0671020507816,957.3775634765625
7120,1998,915.8543945312504,875.4691162109375,873.5935180664064
5165,1998,915.9275756835941,930.4889648437493,900.7587768554686
3073,1998,916.8215087890621,946.1064941406257,924.0287109375004
4615,1998,916.8332641601555,896.1517333984375,898.4603149414062
4312,1998,917.0500244140621,892.3910522460938,896.2448852539064
4569,1998,917.0962402343757,903.8887329101563,928.2474853515632
4510,1998,917.6028564453127,944.8733154296879,900.677734375
3356,1998,918.5034545898438,925.848278808593,900.8266845703129
2760,1998,918.5306762695309,967.3836425781251,899.5399658203123
4849,1998,918.9941894531248,906.06982421875,897.623046875
5163,1998,919.0299926757813,941.7446777343757,897.9151855468754
7112,1998,919.4507690429691,896.196911621093,926.2566528320313
3053,1998,919.517333984375,951.4872070312485,1110.0693359375
2406,1998,919.7109008789066,935.3351928710945,937.1915771484376
7140,1998,919.8382812500004,927.812768554686,890.009631347657
7215,1998,920.3432128906252,882.3904663085923,911.8806030273436
2831,1998,920.4645629882816,917.9037353515632,939.4077026367186
4300,1998,920.8951049804691,968.9022460937504,906.2141479492188
7270,1998,920.9061889648438,932.0875000000015,894.3570190429687
2200,1998,921.2593627929691,962.7174926757816,953.6526611328125
4019,1998,922.02587890625,929.7770629882816,924.0253295898438
3523,1998,922.3933349609379,900.9740722656243,907.4765502929688
847,1998,922.4778564453118,893.8167358398423,930.1613647460945
3556,1998,922.5176757812496,929.2120727539077,905.4804199218743
3984,1998,924.1513061523438,923.6494384765629,882.3522094726563
2325,1998,924.7799560546873,957.4546386718757,900.5513916015625
2470,1998,924.8603881835934,922.8709716796875,907.2866699218757
2443,1998,925.0569335937507,901.8505859375,903.1320068359382
6064,1998,925.2123413085938,975.9409057617195,910.6402954101562
7010,1998,925.2687744140621,927.931286621093,912.6830932617186
2706,1998,925.3262939453125,934.1708984375,876.6820312500004
6207,1998,925.4382202148436,960.936169433593,885.4999145507809
2263,1998,925.4806884765621,943.098522949218,914.0280395507813
7320,1998,925.8037841796876,927.4166625976559,924.6982421875
3023,1998,926.4827636718746,976.6547729492195,891.9169799804686
2880,1998,926.5406494140625,924.6101318359379,927.9691772460938
4133,1998,927.0323242187496,966.6289672851563,899.203271484375
3072,1998,927.0791137695314,943.9514648437507,964.8002807617195
5174,1998,927.3863403320311,935.8840209960945,889.6390136718751
2324,1998,927.6803833007816,944.7719970703129,924.6882202148445
4660,1998,928.3428222656257,911.0806396484368,888.6494873046868
2262,1998,928.7375976562498,949.2352661132809,899.8748291015627
2404,1998,928.8042724609377,867.8042968749996,911.6405273437504
2192,1998,928.8765258789063,959.0339843750007,945.8055053710937
2849,1998,929.2811035156251,944.3599975585939,902.7090698242187
5043,1998,929.4885742187507,920.5108154296877,961.4498046874996
6168,1998,929.5763671875002,963.4087768554673,896.7402099609371
4614,1998,930.7396240234375,903.3712646484382,891.487744140625
2196,1998,930.955187988282,968.8179565429687,947.8625000000002
4507,1998,931.5570922851548,919.3596313476555,928.3579223632805
2371,1998,931.653942871093,881.829968261718,897.338732910157
3169,1998,931.6641235351563,970.8156494140621,928.0047241210937
3355,1998,931.6685668945313,933.2415283203118,929.5337524414063
2161,1998,931.8050048828118,967.1405761718752,939.4920288085941
5690,1998,932.00830078125,908.8161499023445,936.9716430664062
4855,1998,932.018823242186,924.6095825195316,872.6902221679702
2016,1998,932.2709106445327,976.7502807617129,1072.640161132811
2518,1998,932.2789550781254,948.9224853515625,954.7211669921876
5320,1998,932.9141845703125,903.3826660156265,902.6576538085938
4655,1998,933.0294677734382,910.85986328125,934.3846923828132
4287,1998,933.0314331054688,914.4609252929695,871.6353515625015
4347,1998,933.213757324218,953.5080200195298,868.9764160156265
2298,1998,933.359521484375,930.1393066406254,966.9660766601564
5114,1998,933.8325073242186,972.3374755859368,895.0635131835934
4558,1998,933.8390502929688,920.1064086914062,938.9555908203129
2204,1998,933.8928588867188,981.8440917968765,1003.89500732422
6225,1998,933.9708862304688,980.349255371093,882.1539916992188
7009,1998,934.1454467773438,932.8836425781246,932.3654663085936
4174,1998,934.2659179687507,1000.462744140625,883.5782958984382
4176,1998,934.2659179687507,1000.462744140625,883.5782958984382
7011,1998,934.3134643554686,938.300915527343,904.7087646484379
5086,1998,934.638696289061,936.7307373046879,961.1430053710938
4402,1998,934.7563964843757,897.8035766601533,874.0614501953132
2381,1998,934.8833496093721,958.9626708984379,882.9939697265654
4874,1998,935.284912109375,984.4119506835923,933.4146850585939
2474,1998,935.2871582031248,896.689672851564,938.3682128906248
2286,1998,935.5277709960938,973.2254150390618,882.9118896484375
2767,1998,935.7215209960938,985.2900512695305,953.5920776367188
5116,1998,935.826416015625,949.4376708984382,914.1130737304688
4342,1998,935.8336914062493,947.9995849609404,913.3843994140625
4215,1998,935.9446289062498,924.0941528320309,963.1580078125007
4341,1998,935.9973388671875,945.9585083007805,897.6881469726563
4550,1998,936.005017089843,931.6139770507816,902.3964721679695
7310,1998,936.0560546874999,929.2411621093743,926.1488159179687
4304,1998,936.0571166992188,956.0968749999993,912.4781982421873
4570,1998,936.0679077148438,929.7496948242188,906.2271118164063
2141,1998,936.141491699218,980.286376953125,964.2693969726561
5173,1998,936.3555786132811,943.7234497070313,904.4409423828129
2346,1998,936.791162109375,896.7538208007827,924.7101440429688
3223,1998,936.8606689453118,937.2838745117188,914.0945434570313
3360,1998,936.9506103515632,925.1755004882798,919.60888671875
2399,1998,936.9725952148438,935.9355957031257,878.8937744140621
6017,1998,937.3003540039063,918.0042968749985,979.1609497070313
5345,1998,937.3204711914062,935.6438232421879,904.0674804687501
6262,1998,937.5256958007813,906.9236206054702,917.2470214843743
5007,1998,937.5663696289066,921.1908447265632,1016.07333984375
7322,1998,937.62861328125,921.6142944335952,913.0003051757813
6275,1998,937.7072021484382,923.7623291015625,914.593994140625
2162,1998,938.0958862304688,971.9054687500002,949.4915527343751
3465,1998,938.1538208007814,917.4114501953118,909.390979003907
4207,1998,938.7861083984376,967.8845825195313,910.7383178710938
4515,1998,938.87109375,931.1692016601555,882.3705810546871
3333,1998,939.1990356445313,954.8528930664061,890.2093261718746
2431,1998,939.4209472656257,907.2459228515618,935.5931762695309
4581,1998,939.6218749999971,910.8920410156243,926.4157592773445
6432,1998,940.0928588867191,1044.1896484375,891.4388427734375
5033,1998,940.1127319335938,920.1096679687498,958.2602294921871
4670,1998,940.2829956054684,934.6954101562515,917.8378540039066
5094,1998,940.3850830078127,951.3009033203125,909.3366577148438
6210,1998,940.8334716796871,980.1254760742195,907.5935424804684
7302,1998,941.0965209960941,923.7183593750015,885.3509277343746
4401,1998,941.4200195312496,961.6681396484382,883.7987060546875
4313,1998,941.8199951171882,891.3663696289077,911.8875976562504
6104,1998,941.8997558593746,948.9652954101566,944.3204956054688
4022,1998,941.9388427734375,948.46455078125,937.6039184570309
3051,1998,941.998291015625,933.0312622070342,1107.665869140625
2471,1998,942.1552124023438,926.5161743164063,909.9152709960936
2303,1998,942.1713745117195,958.3403442382805,1030.75439453125
4117,1998,942.6417968750002,974.9224121093757,905.3578369140623
2320,1998,942.6833251953121,971.9661132812498,933.9858886718751
4742,1998,942.8084106445313,976.7139160156257,865.4948974609379
4102,1998,943.1202636718754,938.6647827148445,1033.481201171875
5710,1998,943.1942504882812,933.1078613281251,923.5898071289063
3851,1998,943.7746093749993,917.5953613281254,933.517724609375
4564,1998,944.2582641601566,922.2501464843754,934.6213134765621
3842,1998,944.2741943359379,937.5367797851559,961.580322265625
2261,1998,944.2973144531243,960.6858276367187,936.7335571289062
2292,1998,944.5582031249996,945.5439331054688,976.1115112304688
3046,1998,944.6738159179686,963.4265258789055,937.5980590820309
2821,1998,944.8085205078126,934.4927490234368,935.33251953125
6109,1998,945.0010375976563,984.8154907226563,900.3305297851563
4172,1998,945.1703491210938,986.7114990234377,921.0895874023445
2018,1998,945.5080078125,991.3717041015625,980.7031005859371
2382,1998,945.9600708007813,915.2366577148423,913.4864990234373
2199,1998,946.1240844726563,988.88232421875,950.5391479492191
4465,1998,946.1806152343743,921.7302490234374,902.5254028320305
2281,1998,946.1917480468746,960.3250244140618,923.798583984375
2143,1998,946.2200927734375,983.2266479492188,966.2142333984375
2372,1998,946.3546997070316,907.6989868164064,931.126220703125
7315,1998,946.5523681640625,934.5078979492173,930.7735839843749
4821,1998,947.0224487304695,937.4328979492184,906.1374755859379
4514,1998,947.0558471679688,955.7524047851548,899.0445068359377
3939,1998,947.148168945314,941.672717285157,918.3572143554684
2322,1998,947.3527099609373,983.416149902343,898.9309692382813
4705,1998,947.4902832031257,938.2441894531251,857.8784423828129
2160,1998,947.6023315429684,974.7074707031252,960.4803466796875
2541,1998,947.6547607421871,949.677380371093,954.994384765625
2540,1998,947.7603149414063,933.4752807617188,933.0521362304689
6220,1998,947.7714477539066,979.0466186523445,898.3616577148437
4343,1998,947.8179443359377,942.8428710937515,913.927490234375
6525,1998,947.9741333007814,929.8719482421875,918.1734619140625
7330,1998,948.0549926757813,938.3496582031257,884.7586669921875
6105,1998,948.1244262695313,966.9807617187507,923.2262451171873
6701,1998,948.3676635742195,945.9566284179691,936.8216674804689
3962,1998,948.4253417968751,889.7828979492188,918.2534545898434
2190,1998,948.7128295898438,969.3532958984379,959.9267089843752
2460,1998,948.9058227539063,928.5608520507813,938.68896484375
4020,1998,948.9336059570314,965.5787963867188,950.6231323242191
6051,1998,949.1434692382809,926.7780273437493,1027.083056640626
7113,1998,949.232421875,929.4068603515625,920.5984130859379
6112,1998,949.4110595703126,988.636499023436,906.33193359375
2256,1998,949.58984375,963.8527221679688,952.6265502929687
7325,1998,949.6442626953121,932.6901977539055,930.1560668945313
2299,1998,949.9372070312493,935.9405273437501,997.4322021484377
2823,1998,949.941259765625,927.7069091796875,932.6920654296873
7468,1998,950.3449096679688,928.6646484375001,941.8735229492186
6725,1998,950.5970581054687,958.8698242187493,980.0483520507814
3919,1998,951.2755615234373,964.2289184570309,888.4603759765623
5309,1998,951.3119934082033,913.8132995605465,951.2896850585939
5310,1998,951.3119934082033,913.8132995605465,951.2896850585939
7470,1998,951.3393066406243,969.5657836914061,903.3579711914063
2170,1998,951.3907348632811,996.739880371093,953.154443359375
4551,1998,951.5164306640618,939.5756591796871,941.2964965820311
3215,1998,951.5577270507811,963.3843505859368,932.5243164062499
4565,1998,951.8697753906254,935.4524414062507,935.8048950195316
7109,1998,951.9183959960938,937.8706542968757,921.7262329101563
2846,1998,952.8626342773423,944.6265869140625,926.8756103515625
2720,1998,952.9258056640625,953.1013671874998,921.1775268554684
4519,1998,952.98642578125,946.6830200195327,923.1333496093748
3941,1998,953.1043090820313,937.571801757811,926.7798217773434
5098,1998,953.4230590820312,956.0952880859368,909.2206909179688
4380,1998,953.7645629882809,923.0047363281265,928.7686157226563
4381,1998,953.7645629882809,923.0047363281265,928.7686157226563
3950,1998,953.8135009765625,934.0493896484368,919.1861816406254
2441,1998,953.8191162109379,927.8436401367217,951.5916748046875
4108,1998,954.1949707031249,967.9014648437496,961.3709350585941
2566,1998,954.3733764648441,1009.664147949219,947.3162353515618
2164,1998,954.4556518554691,1011.574499511718,927.3736083984377
2482,1998,954.5334594726564,914.5416992187493,986.0250976562502
6317,1998,954.9559570312504,953.742785644532,932.5322143554688
3995,1998,954.9626220703121,924.1838012695298,927.1238525390625
6003,1998,954.965930175782,919.9410156250015,1068.587817382813
3858,1998,955.0649658203129,944.6926635742202,909.5058105468743
5031,1998,955.111572265625,938.7930297851563,1023.916186523438
5087,1998,955.424072265625,938.5127319335934,973.2327270507813
6530,1998,955.6386108398438,974.4864501953125,942.8941284179687
3414,1998,955.8306152343757,936.0880126953125,908.6528808593751
5460,1998,956.2401367187485,925.5768310546882,894.0638916015632
4021,1998,956.3868652343749,965.5503540039063,927.4858764648437
5095,1998,956.4741577148434,968.7126586914064,935.6283447265623
7304,1998,956.5182495117188,910.0499755859382,926.4998901367187
5047,1998,956.646130371093,947.4348388671879,965.7946289062502
4574,1998,956.6637207031254,910.2072265624993,930.7499145507812
4702,1998,956.6809326171874,945.200305175782,921.2697143554688
6630,1998,956.9574584960938,943.7938232421875,955.2296142578125
5308,1998,956.98681640625,889.267224121093,866.9598022460941
4415,1998,957.1306030273445,891.1900024414063,935.7145019531254
3058,1998,957.1477416992184,966.5210205078129,993.7778442382805
2825,1998,957.2215454101561,930.6585205078127,936.4233154296871
6535,1998,957.3489746093746,926.0445312500015,914.6577026367186
3173,1998,957.4019165039063,1011.062792968751,919.0149780273441
4305,1998,957.4056518554687,971.3416870117189,935.6343627929688
5401,1998,957.567163085936,953.550915527343,912.8417724609371
4872,1998,957.5739501953121,922.9911376953132,958.1230590820314
2205,1998,957.7065673828129,1011.094409179687,977.3779541015624
4357,1998,957.7573974609377,952.2258911132813,882.8895996093743
5472,1998,957.759008789064,896.2618286132811,950.3388427734371
5009,1998,957.7713256835923,945.0670654296882,958.0248168945309
7173,1998,957.8884033203121,940.562719726564,935.2051025390629
4205,1998,957.9708251953125,971.2591308593765,914.6879028320313
5473,1998,958.003662109375,898.264916992186,932.0494628906254
2484,1998,958.0060180664059,922.663439941407,957.7329345703129
6107,1998,958.0318237304687,981.8535400390629,939.2003784179688
6054,1998,958.2625366210941,976.3195922851555,954.564453125
6501,1998,958.7710937499996,963.7223266601559,899.7948730468752
6503,1998,958.7710937499996,963.7223266601559,899.7948730468752
5259,1998,959.3243408203125,903.1099853515625,905.0269531249996
2587,1998,959.5633911132809,930.1764892578121,932.8849365234373
830,1998,959.8234985351564,987.176977539064,977.4295776367189
831,1998,959.8234985351564,987.176977539064,977.4295776367189
5019,1998,959.9463256835934,958.7727783203127,987.3992919921875
2197,1998,959.9982788085936,976.1396118164066,961.414892578125
3505,1998,960.0790527343752,939.684704589843,913.6814208984374
3821,1998,960.5848388671875,958.9397949218765,948.7459716796875
4854,1998,960.9449340820311,963.3169799804691,903.9147827148438
3363,1998,961.7427978515625,931.301489257814,942.8102783203121
4377,1998,962.2369750976559,926.109594726564,891.7588134765629
4378,1998,962.2369750976559,926.109594726564,891.7588134765629
3450,1998,962.2666381835937,941.19873046875,974.6533935546875
4815,1998,962.5417968750007,985.7886718749996,936.9055786132813
6638,1998,962.5671508789055,952.6804687500007,953.487329101561
2425,1998,962.5854736328129,935.5055175781235,912.4664062499996
2660,1998,962.5929443359376,932.9530883789048,923.8969604492195
4344,1998,962.6119628906235,960.5160278320309,902.2374023437515
4501,1998,962.9029541015625,977.711315917968,943.3109130859375
5381,1998,962.9447631835938,899.0685302734382,914.3546386718749
3361,1998,963.1666503906235,910.4355346679695,939.1828491210938
4158,1998,963.2342529296875,978.2910888671875,954.9824707031248
2370,1998,963.4553588867184,909.510119628907,953.9266357421875
6536,1998,963.4664794921882,909.3173217773438,948.4645751953121
2257,1998,963.7079711914066,978.3948120117187,949.4726196289062
2560,1998,963.7709228515632,1016.654467773438,956.650988769532
5074,1998,963.9313354492188,940.3810913085936,966.4822021484379
4480,1998,964.3148925781243,935.2821044921875,925.3675048828125
4563,1998,964.3212402343743,951.746447753907,942.5755004882813
4340,1998,964.5565307617187,980.495983886718,905.5897094726561
6056,1998,964.5933959960939,995.6736572265618,938.8819580078125
2702,1998,964.6451782226559,912.0769897460923,906.872424316407
2852,1998,964.6946166992188,937.3357788085941,928.4306030273438
4811,1998,964.8524902343752,978.0866577148438,928.8203002929686
3728,1998,965.0679077148452,945.2944824218757,904.1645263671871
2850,1998,965.5336547851566,949.4956298828129,942.9710083007813
7316,1998,965.5752563476563,947.0390502929695,940.4127563476559
6304,1998,965.9211059570316,915.5288818359368,933.7224365234379
2380,1998,966.0385253906252,939.1121215820313,948.6055053710934
7301,1998,966.2804199218754,942.0332763671868,921.0409179687504
2410,1998,966.3671875,897.5305908203127,924.7867797851559
2537,1998,966.3794921874996,924.8468627929688,977.0767211914063
4400,1998,966.7999023437515,970.489965820314,885.0855712890625
4575,1998,966.870959472657,967.4244384765625,938.3170654296882
4630,1998,966.9311157226566,922.2628173828125,918.8335571289063
7172,1998,966.9447509765623,949.5294921874993,928.9294189453121
3250,1998,967.0016235351563,938.2062499999993,932.3435180664064
3242,1998,967.5840087890629,939.7869873046875,945.6836059570312
7249,1998,967.8543701171875,946.9711425781243,960.9041015625001
6063,1998,968.0498901367191,992.50341796875,930.1844238281251
2355,1998,968.1121215820313,914.7453735351555,933.36435546875
2641,1998,968.7352905273438,969.7641723632814,942.2601806640632
6163,1998,968.8044677734379,994.479626464843,958.7679077148441
5481,1998,968.8237060546875,899.1140625000007,916.9761230468751
3516,1998,968.8618896484368,906.7129760742191,927.8695922851566
2536,1998,968.977685546875,931.0321777343743,956.0303833007811
6162,1998,969.3682983398439,968.4626953124998,1038.035571289062
5011,1998,969.4611328125002,953.3091796875001,973.6772949218748
3689,1998,969.4803344726561,962.2323730468752,957.4361328124996
3690,1998,969.4803344726561,962.2323730468752,957.4361328124996
4124,1998,969.5903564453129,1007.362048339845,913.0651367187502
5374,1998,969.8258911132816,930.533801269532,908.6024414062504
2775,1998,970.0506347656251,947.1421875000001,963.3678344726563
7303,1998,970.0736816406252,936.1578613281235,935.9124633789061
4355,1998,970.1371826171871,929.3586791992202,931.776013183593
6308,1998,970.2862182617188,935.3354370117195,920.3766479492188
2343,1998,970.3685791015626,921.0470214843754,949.3252807617191
3198,1998,970.3969604492188,981.4464477539059,952.1178710937502
2590,1998,970.4439819335939,937.1873535156246,947.3225830078127
3071,1998,970.7579589843754,958.9911987304695,1032.772094726563
2609,1998,970.8554077148438,951.1072631835941,1002.283251953126
3555,1998,971.1701171875002,950.8700683593743,948.6201171875
5121,1998,971.1717163085941,972.4187988281265,902.4298583984373
2352,1998,971.6906127929688,953.3774291992195,921.0750244140618
2365,1998,971.703723144532,925.6227050781254,938.3633178710938
2478,1998,971.7690673828125,951.8359130859371,977.0511962890623
3496,1998,971.8734375000004,945.9111328125,913.6607299804691
2283,1998,972.3136962890625,981.9938110351559,971.5681762695313
828,1998,972.4535888671871,949.1269897460952,983.3786376953126
7321,1998,972.4998168945313,952.1578002929673,920.9233642578129
4423,1998,972.5021118164059,902.729113769532,925.9806762695316
4424,1998,972.5021118164059,902.729113769532,925.9806762695316
5170,1998,972.5587890625002,991.781030273436,939.6990966796875
6315,1998,972.8125,939.451635742189,922.5179809570313
4178,1998,972.9421020507816,991.8210815429684,960.6723754882805
2259,1998,972.9491455078126,984.8634765624993,942.4227661132813
4454,1998,973.0654418945305,926.3176879882813,914.4563842773441
6110,1998,973.1927001953127,1001.977661132813,922.3577026367187
3168,1998,973.3059204101564,957.8837158203132,1023.490466308595
4518,1998,973.5108276367191,959.5644653320305,921.4699096679688
5353,1998,973.7667602539077,962.7059326171875,923.0977539062496
4885,1998,973.943701171875,927.4122924804688,952.1809936523441
4374,1998,974.1962036132809,914.2958129882813,913.2160034179688
6147,1998,974.261962890625,992.6775024414055,959.977734375
3713,1998,974.3276000976566,902.3741210937515,965.7111328125
3342,1998,974.3296997070311,959.3419921874993,944.4660888671874
2115,1998,974.8647705078124,1004.057507324218,995.7339965820313
4220,1998,974.889270019532,973.426647949218,964.354382324218
2216,1998,974.93798828125,1012.00899658203,990.82568359375
4560,1998,975.3544799804686,953.5271972656265,963.0376464843751
2444,1998,975.4813964843743,948.3263916015626,978.3898193359373
5169,1998,975.7328369140623,973.1023803710941,937.7769653320313
2176,1998,975.7610595703118,1045.494335937499,959.0732543945305
5096,1998,975.7773071289066,982.4286376953132,932.9205444335939
2480,1998,975.8080566406243,946.2157714843743,998.7196655273438
4382,1998,975.9565307617186,908.2011108398438,963.1121948242187
2329,1998,976.0605957031251,909.3458618164059,928.6931030273436
6230,1998,976.6208129882812,1001.914990234374,944.2153198242186
6231,1998,976.6208129882812,1001.914990234374,944.2153198242186
2573,1998,976.658203125,999.6674438476548,941.8165771484382
4013,1998,976.7849487304688,982.1565185546879,990.0702148437504
4740,1998,976.83486328125,982.570068359375,948.727392578125
2148,1998,976.98681640625,1010.774353027344,961.9530273437499
2285,1998,977.120263671875,987.798852539061,938.3736328125001
5162,1998,977.9877319335938,978.1169677734379,936.0936767578123
2766,1998,978.3970214843748,1025.316430664062,943.0587158203125
4865,1998,978.4171630859373,991.1266601562493,932.3193481445314
6330,1998,978.4790771484377,956.2335693359382,957.60205078125
5501,1998,978.7198242187496,986.209204101564,899.5531982421871
5038,1998,978.7343872070305,951.1337646484376,991.3839355468749
3338,1998,978.7463134765621,1001.03125,933.4259277343754
4850,1998,978.7678588867188,947.231909179689,918.036865234375
6101,1998,978.8840209960945,958.743627929689,1024.053894042969
3028,1998,979.0730346679684,1015.426525878906,939.1656372070313
5254,1998,979.2061401367187,932.815808105468,909.2535034179691
4722,1998,979.4320556640626,954.410791015625,913.6544799804688
4216,1998,979.6153076171877,983.4867675781252,966.9284301757812
4285,1998,979.7359008789063,974.28125,930.1097534179687
3218,1998,979.7480834960934,956.1995605468746,994.0442260742184
5373,1998,979.8888305664063,935.7739624023452,943.8493041992188
4301,1998,979.9003173828132,1008.611865234376,926.357556152343
7300,1998,980.1409179687507,955.82470703125,914.8606079101555
6280,1998,980.1726440429684,960.2528442382809,944.8251464843752
3991,1998,980.21279296875,923.667211914064,927.7245849609371
6239,1998,980.4007324218746,962.697509765625,943.364990234375
2530,1998,980.5254028320314,1003.668103027343,943.9687744140629
3322,1998,980.5621337890625,896.3245117187471,927.3299316406265
2594,1998,980.6455932617188,936.4866210937507,953.6448242187507
6170,1998,980.6750610351555,1031.9443359375,917.5190307617186
3172,1998,980.7366699218765,1032.849487304688,958.8518310546879
5212,1998,980.7484497070327,898.161401367186,951.5061279296879
2210,1998,981.1456298828125,1034.454565429688,1004.11376953125
6370,1998,981.7747558593765,917.4594604492158,924.1041503906254
6000,1998,981.8770629882813,934.2894409179717,1096.6197265625
4703,1998,981.9205444335939,947.8809814453125,992.5710937500001
2390,1998,982.0407348632812,955.8780517578125,958.7034790039061
2264,1998,982.2969726562496,977.9995239257805,974.2702880859374
5016,1998,982.3542358398445,969.3203857421877,968.5546020507813
850,1998,982.4014404296875,990.2519042968779,1001.437780761719
851,1998,982.4014404296875,990.2519042968779,1001.437780761719
3977,1998,982.7460449218743,1006.49765625,916.9905517578118
4818,1998,982.8585205078125,1002.143505859374,924.6122680664062
2212,1998,982.9353515625001,1011.4626953125,977.0805908203125
6175,1998,983.0008544921875,1023.974414062501,939.8949707031243
6271,1998,983.0621826171873,988.93408203125,921.6396118164066
3797,1998,983.3310058593752,953.1402221679691,938.1998168945311
2340,1998,983.3358520507809,968.7677856445316,975.6933227539066
6226,1998,983.4120117187499,1010.676708984375,901.692529296875
2315,1998,983.4434082031257,956.917236328125,973.7705322265629
5680,1998,983.5669921875001,909.0908081054695,934.3089721679687
2747,1998,983.6677978515627,1022.817785644531,955.5748657226559
2007,1998,983.6841674804691,967.0982666015625,1129.198291015626
5461,1998,983.7519165039066,926.3247558593757,937.1381591796871
6213,1998,983.8340698242188,952.3022338867195,947.8936767578125
2529,1998,983.8576782226564,1001.233703613281,954.8111816406249
6333,1998,983.8918212890625,907.1980224609379,991.57958984375
2191,1998,984.1046508789059,1005.511474609375,995.9727416992187
7171,1998,984.1206542968748,967.2223754882798,935.1898315429689
5251,1998,984.1213745117184,964.2257202148439,972.3117065429688
3293,1998,984.2555053710939,906.7709838867195,950.5840209960937
3976,1998,984.3761596679688,1017.856958007811,924.028942871093
6021,1998,984.7259033203125,1004.860913085937,964.261962890625
4812,1998,984.7936035156249,968.1934082031248,998.0824218750004
2342,1998,984.8050170898423,937.9486083984375,943.6251464843735
6372,1998,984.8409912109382,922.8509887695309,911.3511962890625
4118,1998,985.3086791992191,1014.4994140625,932.6764770507816
2290,1998,985.3176025390621,989.5402709960945,983.9196044921876
5109,1998,985.7078369140627,994.1263916015632,941.1724365234368
6169,1998,985.9242431640623,1023.498828125001,934.3659423828126
4573,1998,986.2314331054688,951.8115600585938,987.1603393554688
3055,1998,986.2558105468743,964.8749511718743,1057.463085937499
3251,1998,986.7645874023438,955.0581787109377,914.4522216796877
3996,1998,986.8660400390618,925.062121582032,991.9152709960936
4356,1998,986.9291625976566,973.3796020507816,903.2876708984375
2681,1998,987.0886108398436,981.8969604492195,923.4144653320313
4506,1998,987.2468139648438,1007.214404296876,938.2296752929688
3730,1998,987.3548950195309,956.2756225585945,942.1736572265625
3936,1998,987.8141357421882,967.7838867187493,970.2034179687498
4014,1998,987.8579589843751,1005.970446777345,958.5297119140623
3966,1998,987.92548828125,939.3949340820327,940.1949584960939
2323,1998,988.0414672851566,1000.586730957031,978.9748657226564
3971,1998,988.0801879882811,941.1333862304691,944.9462280273438
7026,1998,988.0983764648436,963.2616577148438,924.0610961914063
6255,1998,988.1487182617188,972.6751098632813,956.5555175781246
6324,1998,988.350341796875,945.7783325195305,944.773815917968
6302,1998,988.4353149414062,957.7810913085923,964.8992553710941
2830,1998,988.4428344726563,977.0472900390626,978.3090454101566
4727,1998,988.5303955078125,950.2013427734373,933.1041015624996
2787,1998,988.556506347657,981.9388916015632,933.0366943359368
2800,1998,988.5845581054691,988.5427612304687,981.5749023437502
4032,1998,988.6205078125004,991.6034912109371,998.6936767578127
5502,1998,988.7100585937501,967.9248901367173,908.3790039062501
3500,1998,988.7195678710923,958.0818725585923,938.2822143554695
3502,1998,988.7195678710923,958.0818725585923,938.2822143554695
3235,1998,988.7498413085941,950.7369873046873,942.6979370117188
3241,1998,988.7498413085941,950.7369873046873,942.6979370117188
5167,1998,988.7855712890632,965.7366333007813,950.5975463867187
2420,1998,988.8387817382813,966.0310424804702,958.0395141601563
2810,1998,988.9175292968748,922.3114257812485,955.1713256835938
2287,1998,989.1941894531246,996.3862915039063,969.914306640625
2203,1998,989.2928222656251,1017.164050292966,1051.019335937501
4717,1998,989.3985961914077,1037.649792480472,913.5880371093754
5241,1998,989.4546386718757,969.9662231445327,947.5116943359376
3992,1998,989.6055908203125,913.6788208007783,935.1638061523408
2550,1998,989.6978637695311,931.1834716796875,977.6759643554688
5202,1998,989.708984375,934.1770507812498,946.6565185546879
2036,1998,989.7248779296875,1029.87059326172,997.6580688476563
5211,1998,989.8093627929684,929.2699829101548,955.9545654296876
2311,1998,989.8342041015621,951.8079345703118,942.7699218750004
3034,1998,989.969970703125,1020.726245117188,971.8553466796875
4119,1998,990.0418945312504,1000.235546875,951.9066894531252
3448,1998,990.4108398437502,970.9885742187507,970.2662841796882
4211,1998,990.5821166992188,988.6103637695314,964.2206176757813
3056,1998,990.6955688476555,973.4232788085938,1081.824438476562
3049,1998,990.7006103515626,1027.872753906249,948.8914062500001
6059,1998,990.7795532226564,956.391955566407,1019.952551269531
6060,1998,990.7795532226564,956.391955566407,1019.952551269531
4552,1998,990.7943603515623,934.0014282226548,1008.609692382812
4819,1998,990.9881347656246,919.8598144531243,1028.933520507812
3076,1998,991.5612060546882,1018.907397460938,930.7511596679688
3803,1998,991.6038330078118,1034.864379882813,939.4209838867191
2337,1998,991.6404663085938,973.3591796875001,957.4881225585937
5046,1998,991.8044311523445,968.6127441406252,997.4788330078127
3925,1998,992.0112426757805,926.7686279296875,976.5911254882813
3777,1998,992.0637695312501,973.075903320314,964.3841186523441
4017,1998,992.1489501953124,1006.73134765625,966.9294311523436
4018,1998,992.1489501953124,1006.73134765625,966.9294311523436
4725,1998,992.3096435546877,956.2041870117191,960.8208740234375
7259,1998,992.449462890625,956.6160522460923,951.3843749999996
3018,1998,992.5015380859368,1007.152136230468,975.8014526367188
4562,1998,992.6022705078126,962.7777832031243,981.8652709960934
4553,1998,992.7203857421873,972.1164794921879,957.8276733398438
6309,1998,992.9122070312515,905.2127929687485,938.2914062500004
7276,1998,993.0758178710939,934.3679931640618,963.8882080078125
4555,1998,993.0999755859375,964.048852539061,965.2498535156246
4350,1998,993.1350463867187,977.5790771484371,986.6724731445313
4741,1998,993.4797485351555,973.9179565429658,924.2795654296879
2278,1998,993.4850708007816,1003.831469726563,978.45068359375
2280,1998,993.4850708007816,1003.831469726563,978.45068359375
2267,1998,993.4922607421877,989.5233764648438,990.5940673828125
7268,1998,993.5086425781251,950.6701049804688,963.1419189453127
6418,1998,993.6625000000004,947.7181884765596,941.5818603515618
3196,1998,993.8399291992191,992.7894042968751,978.3641357421875
4870,1998,993.9460327148436,990.0851440429688,1004.811889648438
3818,1998,993.9908813476562,972.6815795898438,959.3926269531248
3550,1998,994.0836303710937,962.8931274414063,1008.372387695313
2334,1998,994.1186401367186,1022.275292968749,950.5713134765624
4455,1998,994.1569213867188,969.0075561523445,962.2152709960938
4101,1998,994.1818359375002,970.2728637695327,1105.20498046875
3202,1998,994.2024658203127,1011.986938476563,945.8018554687501
3931,1998,994.296630859375,991.5080322265621,982.3592285156251
5271,1998,994.3234375,969.40380859375,934.609020996093
4566,1998,994.4225952148445,963.8342773437507,1002.933300781249
4416,1998,994.4859130859375,966.2616577148438,932.7866577148438
2193,1998,994.5561279296876,1030.585668945314,1015.153369140625
3345,1998,994.81396484375,963.930041503907,964.223876953125
6058,1998,994.8522827148436,1022.736889648437,940.0090209960938
3280,1998,994.9644287109377,958.0942504882814,983.1673706054689
4873,1998,995.050537109375,937.2387084960938,967.4769775390626
3463,1998,995.1514160156248,940.708984375,984.082763671875
6030,1998,995.1794311523438,1031.330932617188,943.5205688476563
5355,1998,995.1959472656254,981.3614746093754,932.2648803710936
3810,1998,995.2270141601566,1005.586987304687,936.2491210937496
2109,1998,995.4463378906221,989.1713378906279,1167.455615234375
3515,1998,995.7468139648445,965.2780029296846,964.0754028320316
5413,1998,995.8719726562504,935.4011718750007,914.0967041015629
4869,1998,995.9218505859371,997.4815673828125,944.2991333007813
4750,1998,996.0613891601561,1002.671972656252,907.8728515625001
4751,1998,996.0613891601561,1002.671972656252,907.8728515625001
2574,1998,996.3252807617191,1028.543823242188,942.8743041992187
5037,1998,996.3629882812493,955.6803344726563,1002.021313476563
4270,1998,996.38671875,983.3886352539048,946.4715332031246
2134,1998,996.4643920898434,1014.408068847657,1081.26376953125
4107,1998,996.5213134765627,981.3900634765632,990.8673217773439
2335,1998,996.9593017578127,1027.396044921876,932.2002441406248
3847,1998,997.0422851562498,963.3102783203121,931.0600830078129
4503,1998,997.4516723632814,1012.705761718749,943.0792114257813
6322,1998,997.6358154296868,952.3011962890596,913.3056152343743
2116,1998,997.7782104492189,1030.240502929686,1029.608032226563
7256,1998,997.89765625,949.4499267578121,933.8230224609374
5070,1998,997.9552978515621,960.3772460937507,1034.428540039062
2145,1998,998.3878784179688,1023.484301757813,1007.205981445312
5480,1998,998.4081542968743,903.7536743164055,955.6092529296875
2527,1998,998.6935546875002,1014.742895507812,950.5215332031257
4505,1998,998.7732299804688,1016.006469726563,935.0936889648438
3975,1998,998.8119750976548,1036.743017578125,927.4901977539048
2500,1998,998.8425048828125,978.0270874023445,1065.7083984375
4275,1998,998.9766113281248,990.4439453124996,971.7441284179695
3351,1998,999.5475097656254,969.9353637695313,955.1318847656248
3922,1998,999.6465332031257,929.6388916015621,997.1559204101563
6053,1998,999.6950927734379,985.7803344726563,1019.956274414062
2519,1998,999.8700561523438,1011.594689941407,1024.096411132813
4390,1998,999.9092407226563,963.8508911132813,955.3431884765626
2208,1998,999.9270629882813,1037.813623046875,1004.346618652344
2780,1998,999.9813476562499,968.6788574218754,1054.001245117187
3201,1998,1000.044555664063,1010.168786621094,934.965222167968
2565,1998,1000.082666015625,1023.2208984375,986.0864013671871
3057,1998,1000.635498046875,987.3414916992188,1089.067285156249
6743,1998,1000.691613769531,990.0366577148452,995.452392578125
6343,1998,1000.765380859375,936.3690185546875,940.5242309570313
5118,1998,1000.796411132813,987.8145263671868,974.7067016601563
3498,1998,1000.846484375,968.3653808593754,941.2357788085938
4814,1998,1000.854138183594,1011.126196289062,999.5193603515627
3400,1998,1000.856396484375,954.7989501953125,979.2430541992189
3015,1998,1000.906567382812,1002.258312988281,1013.052978515625
5093,1998,1001.166870117188,985.4580200195305,965.0517700195314
6556,1998,1001.201843261719,998.530029296875,973.8015624999998
3539,1998,1001.364941406249,905.0375610351548,912.0689086914063
2517,1998,1001.635583496094,1012.267053222656,1006.659851074219
3815,1998,1001.741442871095,991.4396240234382,929.8926025390624
2209,1998,1001.773706054688,1027.602954101563,1016.430419921875
7291,1998,1002.009387207031,1026.767602539061,946.9097900390625
3337,1998,1002.153076171875,1017.154736328124,954.6499755859368
2563,1998,1002.242578125,1052.189770507812,952.3046142578126
7250,1998,1002.331726074219,981.5860229492191,1004.419860839844
5161,1998,1002.454431152344,992.9139404296875,947.3416137695313
4307,1998,1002.580590820313,978.3402343749985,921.5195678710934
3860,1998,1003.435595703125,957.473388671875,966.5428955078123
2516,1998,1003.602856445313,1012.503771972656,1015.226306152344
4218,1998,1003.82861328125,1000.681384277344,1007.976123046876
4219,1998,1003.82861328125,1000.681384277344,1007.976123046876
4280,1998,1003.950122070312,1032.992626953124,935.3320068359376
4036,1998,1004.044482421875,1018.439770507812,959.8732177734376
6160,1998,1004.163842773438,1000.442895507811,1087.489038085938
2345,1998,1004.685327148438,958.5583007812493,973.9423950195305
6312,1998,1004.869470214844,961.6609130859379,976.46826171875
3272,1998,1004.8826171875,940.571044921875,947.6544067382811
5523,1998,1004.894836425781,926.3913940429702,966.199572753907
4210,1998,1004.895532226563,1020.446679687499,965.9243652343757
5025,1998,1005.138293457031,985.069580078125,986.7354858398437
4729,1998,1005.240588378906,977.0936645507809,981.2208496093749
4730,1998,1005.240588378906,977.0936645507809,981.2208496093749
2147,1998,1005.315197753906,1045.116943359375,998.5727172851562
6620,1998,1005.464062499999,978.1872924804702,936.7480957031248
2795,1998,1005.563439941407,993.7160034179688,1008.382421875
6359,1998,1005.887438964845,977.557836914064,948.8848876953125
5235,1998,1005.890979003907,973.205834960936,954.7095336914063
3779,1998,1005.992358398437,922.645263671875,992.0720458984374
7275,1998,1006.236364746093,967.013159179689,979.5013183593746
2037,1998,1006.57568359375,1018.766210937502,1151.860791015625
2220,1998,1006.59373779297,1030.295874023437,1042.056469726563
2579,1998,1006.60654296875,971.1418579101555,976.6269775390625
3938,1998,1006.617895507814,979.6457397460936,996.1731201171879
3856,1998,1006.693811035157,992.0534057617188,972.3975830078125
3727,1998,1006.724633789063,955.9238769531221,956.3475585937485
3350,1998,1006.729052734375,973.8921752929691,1020.01103515625
4179,1998,1006.841857910156,1016.609045410156,992.3783691406243
2140,1998,1006.920324707031,1016.968505859375,1055.112548828125
5236,1998,1007.070825195313,983.1597900390625,955.7242065429691
6337,1998,1007.094042968751,942.5261962890618,962.1436767578125
2640,1998,1007.183276367187,984.9379516601562,1015.980883789062
3064,1998,1007.195971679688,1042.242358398438,939.4868652343757
2146,1998,1007.553588867188,1048.998657226563,1004.11005859375
3850,1998,1007.577624511719,974.8611206054688,996.0346313476566
6285,1998,1007.610437011719,967.0273315429695,985.6696289062502
3824,1998,1008.014709472656,956.3725219726548,973.75537109375
6461,1998,1008.177539062501,942.2825683593765,947.1966918945309
2631,1998,1008.351672363282,905.1325439453121,963.915234375
6350,1998,1008.419995117187,958.2134765625015,946.3228393554688
7290,1998,1008.459582519532,978.6221923828125,937.9140502929686
6065,1998,1008.467895507813,1040.226000976563,949.1118408203129
3043,1998,1008.541418457031,1025.613574218751,969.6888305664061
3282,1998,1008.618188476561,980.4884033203125,960.2882690429688
5485,1998,1008.766271972656,935.2865966796871,961.6386840820312
3453,1998,1009.005236816407,956.2678955078125,1002.285583496094
2207,1998,1009.031115722656,1043.853271484375,1013.059045410156
2167,1998,1009.067309570313,1034.683837890625,997.8668212890625
7018,1998,1009.181091308594,993.3274780273441,1010.352746582031
2750,1998,1009.331701660156,1041.995678710938,986.233154296875
2353,1998,1009.424951171874,983.1390502929717,961.780981445314
2206,1998,1009.601782226563,1057.798608398437,1010.517565917969
2626,1998,1010.020617675782,920.4312011718721,963.6608154296882
4127,1998,1010.169445800781,1026.47158203125,980.1142456054686
7252,1998,1010.399621582031,985.5430175781257,970.8370239257813
5252,1998,1010.479638671875,982.2636108398438,977.1705566406254
5073,1998,1010.604187011719,994.3063476562493,1023.691394042969
2647,1998,1010.612133789062,964.7633300781254,945.6495361328125
6395,1998,1010.61806640625,945.4755371093743,952.3048950195316
4078,1998,1010.646545410156,976.5380737304695,1075.412744140625
4103,1998,1010.646545410156,976.5380737304695,1075.412744140625
3044,1998,1010.997900390625,1005.959375,1011.346606445312
3199,1998,1011.3763671875,1009.770690917969,998.4220947265621
3249,1998,1011.3794921875,971.9793945312499,956.20234375
3083,1998,1011.541235351563,1015.955102539063,994.4455810546874
3918,1998,1012.158569335938,1008.0939453125,954.4056518554689
6164,1998,1012.42333984375,1047.863134765625,962.3343749999999
6055,1998,1012.506628417969,1019.864501953125,993.2320556640625
5451,1998,1012.553173828125,980.4193603515632,966.2402587890624
6166,1998,1012.715026855469,1061.514868164064,944.8735229492186
2171,1998,1012.791516113281,1081.726513671875,961.1261474609376
6057,1998,1012.898327636719,1044.339038085938,954.5433227539061
2761,1998,1012.952929687501,1048.18115234375,964.1811401367195
4868,1998,1013.047509765625,1010.405932617187,973.20595703125
2133,1998,1013.060241699219,1028.539892578125,1035.255786132812
2575,1998,1013.251806640625,1004.693786621094,990.8268066406249
5255,1998,1013.304931640625,977.6226562499996,963.0130859374999
4500,1998,1013.446130371094,1029.199389648438,961.7261840820313
7292,1998,1013.531005859375,960.9429443359368,961.8903076171882
2217,1998,1013.614929199219,1036.403112792968,1026.639978027344
2211,1998,1013.771008300781,1043.430859375,1005.362426757813
2321,1998,1013.951635742188,1015.789892578127,964.4249267578125
6623,1998,1014.052978515625,951.6410522460938,976.0281249999998
2131,1998,1014.192248535156,1005.398889160155,1081.217211914063
4012,1998,1014.212097167969,1000.153796386719,1026.363940429687
6341,1998,1014.319287109374,937.2981323242202,933.997802734375
6480,1998,1014.391870117186,944.9995483398452,948.4480224609379
3911,1998,1014.574670410157,1022.336962890625,950.8788574218752
2577,1998,1014.628112792969,996.0242431640627,991.1087646484375
3166,1998,1014.674780273437,999.866589355468,1036.07509765625
6391,1998,1014.693395996094,970.4480590820313,932.6746337890618
4129,1998,1014.764526367188,1033.940136718749,958.9953735351564
4157,1998,1014.819665527344,1032.936596679687,972.6319213867188
4034,1998,1014.850927734375,1029.075146484374,1005.952233886719
3153,1998,1014.884997558594,1020.474877929688,980.1036743164059
4358,1998,1014.914660644531,984.8590698242188,960.7548461914066
4161,1998,1015.155834960937,1034.470532226562,968.7563964843748
4125,1998,1015.430065917969,1048.473486328127,934.151025390625
3951,1998,1015.4306640625,964.7739013671876,970.4667114257809
4120,1998,1016.017321777344,991.3779174804695,1071.603784179688
2701,1998,1016.091479492187,971.197265625,964.0738281249996
6353,1998,1016.341699218749,977.8321166992173,954.0297241210938
4173,1998,1016.410620117188,1039.604296875,981.1667236328126
2035,1998,1016.510668945312,1056.748168945313,1063.924951171875
2218,1998,1016.813269042968,1029.955114746095,1036.402709960938
2526,1998,1016.828967285156,1035.365014648438,1015.180798339844
3823,1998,1017.135180664063,955.3751831054688,986.312255859375
7012,1998,1017.573535156251,999.2868164062529,975.7751220703121
2477,1998,1017.774035644531,975.4528442382816,1011.273962402344
6532,1998,1017.831127929687,980.9313232421882,954.9098876953126
6721,1998,1017.943273925781,1069.78229980469,982.3382690429689
3561,1998,1017.970971679688,964.2652954101559,950.9916625976566
6062,1998,1017.987426757813,1028.493261718752,997.5967163085934
6318,1998,1018.281579589844,968.349499511718,954.4694946289064
3197,1998,1018.288757324219,1037.440270996094,994.3048950195316
6108,1998,1018.407421875,1050.5234375,965.2906372070311
3190,1998,1018.481604003906,1015.492834472656,1027.606774902344
4031,1998,1018.605114746094,1002.306127929687,1041.090478515625
3155,1998,1018.606494140625,1021.961328125,985.2118774414066
3763,1998,1018.756958007813,984.3967651367202,987.1767211914066
4228,1998,1018.918408203125,1018.15576171875,995.6479858398437
4165,1998,1019.007495117187,1022.882861328126,965.5645996093749
6754,1998,1019.244140625,1105.669506835938,942.8324584960938
4054,1998,1019.27294921875,1026.790991210937,1010.481176757813
2250,1998,1019.486157226563,1025.739184570313,1014.161535644531
3501,1998,1019.716674804688,977.0569824218751,974.0682250976563
4878,1998,1019.813671874999,1005.569677734375,1016.297399902344
2738,1998,1019.956420898438,983.4269775390621,966.5359985351561
3802,1998,1020.106860351563,1039.348071289063,984.6086791992184
4817,1998,1020.180517578125,1031.823559570313,981.3000976562501
4810,1998,1020.409924316406,1006.930065917968,1054.53583984375
6100,1998,1020.462683105469,974.684594726561,1064.45078125
2300,1998,1020.896948242188,1007.987145996092,1140.358081054687
5470,1998,1021.082006835939,932.6846069335879,943.3691772460934
5471,1998,1021.082006835939,932.6846069335879,943.3691772460934
6313,1998,1021.103881835938,972.108154296875,955.6530273437502
6316,1998,1021.103881835938,972.108154296875,955.6530273437502
4217,1998,1021.110522460938,1013.194421386717,1038.593823242188
3067,1998,1021.216162109375,1010.035253906252,1118.80908203125
4271,1998,1021.36416015625,973.548583984375,1033.947631835938
3070,1998,1021.548156738281,1009.029711914063,1103.411816406249
4214,1998,1021.548608398438,1035.483740234375,995.8393432617188
3822,1998,1021.555725097656,983.0929931640621,943.9036254882813
6066,1998,1021.571093750001,1049.348510742188,978.0356689453129
812,1998,1021.693920898437,1052.279663085938,1033.670556640625
3340,1998,1021.6978515625,1018.078369140625,986.9330078125004
3189,1998,1021.793505859375,1013.950561523438,1040.345776367188
4105,1998,1022.0150390625,1002.221447753906,1044.377368164063
5040,1998,1022.068969726563,999.3118041992184,1045.068212890625
2783,1998,1022.14912109375,994.9195556640625,1047.705126953125
7212,1998,1022.270043945313,966.0346313476548,985.3708007812502
4163,1998,1022.307080078125,1045.421826171874,1014.680322265625
5000,1998,1022.507128906251,969.7453735351592,1140.134448242188
3862,1998,1022.875,962.3473144531235,981.1880737304691
3379,1998,1022.888146972657,942.2670532226548,973.3836669921875
836,1998,1022.896459960937,1042.230615234375,970.3329833984371
837,1998,1022.896459960937,1042.230615234375,970.3329833984371
4005,1998,1022.974426269531,994.7975585937529,1106.186987304689
2535,1998,1023.063562011719,983.8821655273441,1013.431396484375
3960,1998,1023.207177734375,938.9043334960934,995.9614135742188
4306,1998,1023.305712890625,1036.146679687499,978.6097656249999
2558,1998,1023.308447265627,1066.082397460938,974.1800781250004
2479,1998,1023.434692382813,962.0779418945313,1038.941943359375
4170,1998,1023.50107421875,1014.690783691407,1048.316357421874
3820,1998,1023.515209960938,988.8759643554686,1002.590673828125
3781,1998,1024.028417968752,1017.055444335938,971.8599487304673
3139,1998,1024.154443359375,1010.515429687501,958.3533325195313
6355,1998,1024.169409179689,978.620849609375,939.6316650390618
3167,1998,1025.0119140625,1027.85361328125,1016.559106445313
6430,1998,1025.097705078125,1086.572729492187,988.5808837890627
7150,1998,1025.179956054687,982.6625854492195,1026.100085449219
6016,1998,1025.397998046875,999.6098754882805,1084.9740234375
2049,1998,1025.494494628906,1050.158251953122,1096.954809570312
3756,1998,1025.698413085937,1035.931640625,949.2644287109379
4502,1998,1025.988525390625,1024.7572265625,992.8616699218746
6237,1998,1026.542919921875,1023.379199218751,961.2256347656251
2752,1998,1026.603149414063,1072.3345703125,963.0296386718746
6006,1998,1027.108374023437,1012.385913085938,1086.182763671875
3717,1998,1027.476245117187,968.6539550781235,992.1996459960938
6052,1998,1027.538879394531,1007.115502929688,1062.931127929687
3953,1998,1027.718237304687,977.1004394531246,977.7929443359371
2864,1998,1027.885693359374,971.25048828125,956.6745117187502
2572,1998,1028.031518554688,1041.850976562499,985.0983398437493
2213,1998,1028.0658203125,1058.274243164063,1007.880541992187
3559,1998,1028.210424804687,986.072973632814,992.1248535156246
4030,1998,1028.416955566407,1007.29129638672,1078.859106445312
4122,1998,1028.503662109375,1029.809545898437,1039.464135742188
4852,1998,1028.525,946.0705078125002,1013.645532226563
870,1998,1028.578857421875,1035.417944335939,1042.441748046875
871,1998,1028.578857421875,1035.417944335939,1042.441748046875
4169,1998,1028.636999511718,1002.797143554686,1108.242114257812
2010,1998,1028.702404785156,1013.716552734375,1145.775048828124
3140,1998,1028.754467773438,1029.845947265625,988.6987792968757
6352,1998,1028.761376953124,991.362036132814,969.4352783203121
3783,1998,1028.847473144531,1004.0025390625,986.2743286132809
810,1998,1029.277563476562,1046.519580078126,1061.8958984375
3274,1998,1029.673254394531,927.9657958984371,968.642468261718
5048,1998,1029.709985351563,1001.934204101563,1041.077197265625
2117,1998,1029.757275390625,1057.845922851562,1069.950756835938
3764,1998,1030.138549804688,995.3775146484377,991.3514648437504
3230,1998,1030.753735351562,971.7609130859373,1026.493481445312
3956,1998,1030.769335937501,952.372314453125,979.2519165039063
2630,1998,1030.861108398438,959.5448242187504,1014.980712890625
3793,1998,1031.142016601562,1007.969848632813,989.2178100585934
4159,1998,1031.701220703125,1056.847705078126,985.0725708007813
2129,1998,1031.751879882812,1021.752905273439,1100.438916015624
2130,1998,1031.751879882812,1021.752905273439,1100.438916015624
4213,1998,1031.896337890625,1045.696557617186,1002.722326660156
5244,1998,1031.9048828125,991.0179931640632,988.0220947265625
6156,1998,1031.955761718749,1037.10791015625,1056.530029296875
5083,1998,1032.141235351563,987.2250854492186,1056.172387695313
5352,1998,1032.336059570313,1006.777746582031,982.70849609375
2251,1998,1032.482641601563,1025.604064941406,1019.935034179688
2305,1998,1032.542016601562,1022.709460449219,1054.517602539062
6311,1998,1032.744360351562,967.2375244140567,959.5918090820305
4109,1998,1032.802294921876,1052.105834960938,1050.180737304688
4567,1998,1032.942724609375,984.1547973632805,1055.139575195313
6111,1998,1033.150854492187,1045.813842773438,995.7409545898436
2707,1998,1033.274389648437,1011.037353515625,954.3795776367188
2222,1998,1033.352734375,1045.433349609375,1052.368579101562
4709,1998,1033.947314453125,1071.101953124999,933.4215942382816
5092,1998,1033.954907226563,1017.597192382811,999.790905761718
2083,1998,1034.037744140625,1044.205932617188,1061.120776367187
6031,1998,1034.041357421875,1069.475781249999,961.236279296875
4053,1998,1034.045361328125,1044.901953125,1031.826879882812
4112,1998,1034.2552734375,1050.806567382813,1019.838842773437
2132,1998,1034.4400390625,1065.397119140625,1075.063647460938
6159,1998,1034.683752441406,1020.569580078125,1126.141748046875
3082,1998,1034.797973632813,1041.447583007812,991.5349243164055
3805,1998,1035.034057617188,1052.018041992188,970.6061401367188
4272,1998,1035.217553710938,985.5682006835941,1047.638525390625
6171,1998,1035.565942382813,1067.906616210938,966.3598388671871
6172,1998,1035.565942382813,1067.906616210938,966.3598388671871
3137,1998,1035.611157226563,1042.619335937499,976.5327758789063
5090,1998,1035.665087890625,1007.002062988282,989.7753540039066
3038,1998,1035.67529296875,1062.583813476562,986.2146240234374
5301,1998,1035.681201171875,922.5507446289048,973.0398925781246
3913,1998,1035.924609375,1027.934790039062,966.6830200195309
5075,1998,1036.089624023437,1013.350366210936,1020.40751953125
3087,1998,1036.346069335938,1029.530737304689,1011.0982421875
2136,1998,1036.346630859375,1053.726245117188,1059.498706054687
7022,1998,1037.0435546875,1007.927001953125,1003.146240234375
4352,1998,1037.144799804687,1009.838525390624,988.1214355468751
6326,1998,1037.246728515625,925.9422363281265,988.9732543945311
6328,1998,1037.246728515625,925.9422363281265,988.9732543945311
6157,1998,1037.848315429688,1025.278625488281,1057.245751953125
4006,1998,1037.991394042969,1034.213415527345,1109.297509765624
6233,1998,1038.006982421875,1027.875341796877,959.2374755859373
820,1998,1038.017749023438,1067.258911132813,1066.243334960937
2289,1998,1038.026245117188,1019.768676757813,1046.8583984375
3131,1998,1038.044897460938,1031.033862304687,1055.264282226563
5171,1998,1038.074365234375,1019.543017578126,986.4393676757813
2571,1998,1038.082397460938,1051.553295898438,1005.698559570312
6520,1998,1038.253735351563,982.564697265625,966.6037475585945
4113,1998,1038.405224609374,1049.497583007813,1041.333251953125
4123,1998,1038.539990234375,1039.3447265625,1001.915307617188
7050,1998,1038.786889648438,995.0615356445305,1046.491381835937
7051,1998,1038.786889648438,995.0615356445305,1046.491381835937
2721,1998,1039.241552734375,920.0956542968743,980.4281738281243
2582,1998,1039.302978515625,1008.408520507813,1009.615686035156
5351,1998,1040.004150390625,1008.755993652343,983.4851684570313
6074,1998,1040.0244140625,1031.846020507812,1018.021948242187
4010,1998,1040.9947265625,1019.052832031252,1083.571655273438
3232,1998,1041.182958984375,947.0338867187493,1039.634594726562
5024,1998,1041.269750976562,1018.930737304687,1022.16787109375
3029,1998,1041.33798828125,1057.419628906249,991.2907592773445
5272,1998,1041.380493164063,937.400390625,973.498876953125
5022,1998,1041.662890625,1011.979748535156,1055.483447265625
3212,1998,1041.7361328125,1037.105834960938,987.8664794921879
4226,1998,1042.666259765625,1058.442333984374,1032.723388671875
3222,1998,1042.676586914063,1003.601440429688,996.5709960937493
2258,1998,1042.861840820313,1049.3748046875,1017.490173339844
7008,1998,1042.876025390625,997.9861450195313,1077.7658203125
2421,1998,1042.953173828125,1002.934887695312,1001.520935058594
4556,1998,1042.97578125,1019.489794921876,1031.138061523438
5097,1998,1043.140576171875,1022.191015625002,997.0967041015629
3920,1998,1043.217797851562,989.3160156250015,1007.749621582031
7155,1998,1043.438012695313,992.727026367189,1006.767614746095
5201,1998,1043.465161132813,1002.519702148438,999.0648437499999
2008,1998,1043.479785156251,1042.24735107422,1174.712670898438
4164,1998,1043.494970703125,1048.644775390625,998.2031127929686
5045,1998,1043.495971679688,1013.94237060547,1063.81025390625
2604,1998,1043.657958984375,1043.155432128908,1141.682055664063
3147,1998,1043.719531250001,1036.306176757811,1100.673559570312
3037,1998,1043.735449218752,1099.591748046874,981.2897338867188
5082,1998,1044.0337890625,1015.631677246094,1090.060864257813
3507,1998,1044.146020507812,926.7708007812501,990.1985961914061
6152,1998,1044.28876953125,1023.054052734377,1104.423071289062
3170,1998,1044.440747070313,1062.508056640625,1023.332592773438
3156,1998,1044.66220703125,1053.126782226563,998.8201416015627
2198,1998,1044.751416015625,1095.449633789062,1007.95595703125
3912,1998,1044.98056640625,1050.58837890625,980.3753417968746
2099,1998,1045.426220703125,1081.166064453126,1036.924267578125
3770,1998,1045.70908203125,1037.496020507813,980.9894531250002
6082,1998,1045.861206054688,1034.272119140624,1007.864013671875
3192,1998,1045.9814453125,1037.731762695313,1038.656127929688
3352,1998,1046.123901367188,1011.763500976562,1001.227221679688
2612,1998,1046.233349609375,1040.859741210938,1180.853637695313
3179,1998,1046.369921875001,1062.966601562501,999.5617431640621
3138,1998,1046.682763671875,1049.542529296876,999.3938476562507
7017,1998,1047.075268554688,1039.456591796876,982.9621337890621
2344,1998,1047.163403320312,1017.116357421874,1005.195202636718
3757,1998,1047.185131835938,1040.083715820314,996.9674316406254
3227,1998,1047.222924804688,974.6155639648437,1057.565576171875
3796,1998,1047.432470703125,1043.022509765626,992.7301757812502
4160,1998,1047.476220703125,1064.74697265625,1016.563073730469
3216,1998,1047.54404296875,1017.283129882813,1032.551049804688
6083,1998,1047.572119140625,1034.79326171875,1010.549206542969
3688,1998,1047.737231445313,1031.068774414063,995.4144775390632
3039,1998,1047.804174804687,1044.755810546874,1093.214770507812
3758,1998,1047.914868164063,1041.957275390625,982.2065307617195
2759,1998,1048.086938476561,1087.535986328125,984.3089843749985
2302,1998,1048.257202148438,878.3853759765625,1122.917602539063
5232,1998,1048.604370117188,993.5846069335939,990.1277954101561
4121,1998,1048.664990234375,1034.033862304688,1078.47158203125
2567,1998,1048.791015625,1111.632983398438,992.5111328124999
6022,1998,1049.052368164063,1063.185400390627,1018.221166992188
3180,1998,1049.271166992187,1069.126220703125,1011.368481445312
2048,1998,1049.386254882813,1055.502392578128,1121.928295898437
2040,1998,1049.424877929687,1085.796826171878,1117.254760742188
4504,1998,1049.531225585937,1068.650781249999,983.7235595703123
3910,1998,1050.53212890625,1059.14541015625,992.5174804687504
3749,1998,1051.028173828125,970.9342041015625,1051.921899414063
3750,1998,1051.028173828125,970.9342041015625,1051.921899414063
3752,1998,1051.327001953125,1056.650634765625,984.6536987304689
3105,1998,1051.360766601563,1073.74697265625,1056.019677734375
4128,1998,1051.406933593749,1071.037353515625,1004.232019042969
5044,1998,1051.459790039063,1018.097839355469,1056.798583984375
5125,1998,1051.461010742188,1033.054809570313,1028.962548828125
2628,1998,1051.486083984375,981.7025512695309,1019.030151367188
2228,1998,1051.504736328125,1087.978076171875,1038.211987304688
835,1998,1051.674145507813,1065.673974609375,1009.086767578125
4154,1998,1052.160375976562,1091.42919921875,1017.523107910156
4051,1998,1052.16767578125,1033.970935058595,1093.836059570313
3195,1998,1052.273388671875,1046.7373046875,1038.314428710938
2282,1998,1052.41484375,1066.338330078124,1035.558544921875
6073,1998,1052.48828125,1036.752905273439,1032.636157226563
2763,1998,1052.856567382813,1098.025146484375,1031.718310546876
3551,1998,1052.857958984375,1006.251220703125,1012.7154296875
3552,1998,1052.857958984375,1006.251220703125,1012.7154296875
6027,1998,1052.867065429688,1072.506542968749,1015.623706054688
3807,1998,1052.963427734375,1065.146752929688,1004.075012207031
3220,1998,1053.087255859375,1011.260766601563,1078.366528320313
3163,1998,1053.102856445313,1013.026562499999,1097.767431640625
853,1998,1053.286914062501,1037.391666666667,1037.624064127605
3078,1998,1053.293676757812,1028.161523437499,1109.941064453125
6012,1998,1053.44892578125,1069.352905273438,1121.773266601562
5018,1998,1053.7267578125,1047.040454101563,988.230224609375
2291,1998,1054.16455078125,1050.873803710938,1102.3984375
2379,1998,1054.170556640625,979.3209960937529,1011.129003906252
7025,1998,1054.350268554687,987.6371215820327,1016.895190429687
2045,1998,1054.520922851562,1095.499658203125,1079.4154296875
6069,1998,1054.692236328125,1105.343774414061,990.8230712890618
3165,1998,1054.723168945313,1041.933642578125,1049.4765625
3226,1998,1054.731103515625,1013.884606933594,1044.031201171875
3221,1998,1054.850903320313,1034.663378906251,1025.171533203125
6018,1998,1055.036059570312,1045.999877929688,1081.702685546875
3128,1998,1055.275634765625,1015.586157226562,1113.142065429688
3640,1998,1055.481787109375,994.9703979492188,958.0594116210941
4152,1998,1055.62060546875,1070.833520507812,1062.922192382813
7000,1998,1055.90673828125,992.303198242189,1138.005029296875
7001,1998,1055.90673828125,992.303198242189,1138.005029296875
2112,1998,1056.065258789063,1076.900805664063,1068.54912109375
2534,1998,1056.483618164062,1009.783679199219,1047.973193359375
2046,1998,1056.535400390625,1096.523535156252,1088.325927734375
3136,1998,1056.56923828125,1056.898461914063,1030.239575195313
6025,1998,1056.620971679688,1080.404443359375,1024.583056640625
3429,1998,1057.009985351562,1063.304467773438,1015.828906250001
2570,1998,1057.010180664062,1078.478295898438,1021.167553710937
2779,1998,1057.296704101562,1014.818237304688,1076.463720703125
3442,1998,1057.540698242188,1019.363134765625,1046.28037109375
3181,1998,1057.66591796875,1027.833166503908,1146.783081054688
3224,1998,1058.019677734375,1038.059228515624,1001.349267578125
4130,1998,1058.542407226562,1090.301513671875,1003.598181152344
3135,1998,1058.870092773437,1043.377490234376,1052.656323242188
5242,1998,1058.894384765625,1025.380078125,1033.342944335938
3132,1998,1059.11376953125,1047.6015625,1068.220727539063
5350,1998,1059.30458984375,1015.258203124999,1007.642980957031
6024,1998,1059.322143554688,1072.650512695313,1030.544262695313
5126,1998,1059.3740234375,1048.787280273438,1007.704870605468
3428,1998,1059.789208984374,1086.925878906252,1005.4365234375
5127,1998,1059.843017578125,1049.626757812501,1027.417749023438
3775,1998,1059.886083984375,1035.601733398438,1024.669091796875
4011,1998,1059.998217773437,1060.205810546875,1092.078125
2602,1998,1060.032666015625,1034.012915039064,1151.925341796875
7054,1998,1060.050219726562,1016.89013671875,1050.497534179687
3154,1998,1060.168920898437,1052.762158203125,1011.673754882813
2042,1998,1060.171582031249,1051.149963378906,1165.072631835938
4115,1998,1060.224096679687,1092.638549804688,1017.33994140625
2137,1998,1060.259375,1104.052709960937,1068.626123046875
5072,1998,1060.56259765625,1029.775219726563,1095.116577148438
5172,1998,1061.055297851563,1017.96044921875,1023.661791992187
2782,1998,1061.345678710938,1019.265161132813,1090.269873046875
2569,1998,1061.723486328125,1100.927294921875,1003.288854980468
6363,1998,1061.773583984375,970.190185546875,1001.854382324219
3273,1998,1062.085961914062,1013.147875976562,1000.467224121094
4151,1998,1062.5611328125,1024.85323486328,1114.868334960937
2260,1998,1062.581201171875,1062.134301757813,1060.608422851562
800,1998,1062.882617187501,1073.347900390625,1102.391259765624
801,1998,1062.882617187501,1073.347900390625,1102.391259765624
2033,1998,1062.893603515625,1070.455224609374,1134.259033203125
2135,1998,1063.013061523438,1094.220678710937,1136.946728515625
5234,1998,1063.093872070313,995.6814941406265,1025.730859375
4171,1998,1063.121484375,1056.563037109376,1090.824365234375
3000,1998,1063.144506835939,1029.94392089844,1165.381323242187
3085,1998,1063.317724609375,1057.604760742187,1064.4890625
3754,1998,1063.506494140625,1104.504785156249,990.607861328125
3755,1998,1063.506494140625,1104.504785156249,990.607861328125
2114,1998,1063.736401367188,1058.579711914063,1098.371240234375
3116,1998,1063.8625,1069.065942382813,1010.708276367187
3194,1998,1063.915551757812,1053.942529296875,1069.615380859375
2615,1998,1064.347045898438,1079.0876953125,1076.410278320313
5240,1998,1064.482397460937,1042.101635742187,1014.595373535156
2745,1998,1064.638940429688,1124.795751953125,1016.042895507812
4116,1998,1064.875439453124,1110.003515625002,1060.736108398438
7021,1998,1064.876586914063,1028.535473632812,1029.66552734375
2525,1998,1064.9583984375,1076.090625,1063.298217773438
3182,1998,1065.236645507812,1015.529089355463,1157.366137695312
4075,1998,1065.397583007813,1057.536254882813,1091.802368164063
4000,1998,1065.621337890625,1022.265710449217,1157.209301757813
2533,1998,1065.701318359375,1050.710791015625,1056.891577148438
3068,1998,1065.740380859375,1046.040869140627,1183.93701171875
7004,1998,1066.284130859375,1017.209265136718,1153.85517578125
6148,1998,1066.745190429688,1065.211010742187,1063.825732421875
3158,1998,1067.296508789063,1056.20517578125,1047.833129882813
2113,1998,1067.933251953125,1079.567724609375,1097.817602539062
3782,1998,1067.982763671875,1053.762353515624,1033.330224609375
3765,1998,1068.13310546875,1059.084155273438,1023.635888671875
2214,1998,1068.142456054688,1132.94013671875,1006.964855957031
3401,1998,1068.46513671875,985.449816894532,1009.24814453125
3402,1998,1068.46513671875,985.449816894532,1009.24814453125
3691,1998,1068.49404296875,1027.864477539062,1030.649243164062
5250,1998,1068.5673828125,1034.522631835938,1033.705590820312
7015,1998,1068.906860351563,1032.050878906252,1064.297216796875
3134,1998,1069.539453125,1063.665234375,1059.711376953125
6081,1998,1069.676049804688,1067.248071289061,1044.247436523438
3933,1998,1069.709057617187,1037.0435546875,1016.325634765624
5091,1998,1069.774487304688,1052.366430664064,1026.967895507813
2903,1998,1069.92919921875,1091.398095703125,1080.806005859375
3152,1998,1070.072192382813,1096.246142578126,1047.560205078125
3225,1998,1070.136791992188,990.6263305664063,1085.0150390625
3231,1998,1070.147290039063,969.0758544921882,1077.36728515625
7024,1998,1070.358618164062,989.5365966796871,1078.32080078125
3959,1998,1070.629833984375,956.6244995117195,1020.481884765625
2224,1998,1070.689306640625,1135.369165039063,1058.5271484375
5067,1998,1070.69970703125,1034.136108398438,1154.371899414063
3937,1998,1070.902905273437,1039.326171875,1054.285473632812
3228,1998,1071.009326171875,1009.095825195313,1076.881372070312
3927,1998,1071.471533203125,1037.77744140625,1075.133544921875
2515,1998,1071.8421875,1070.002709960938,1100.089892578125
2151,1998,1071.969897460938,1098.906713867187,1097.697338867188
7277,1998,1072.044189453125,1016.475366210936,1028.336352539062
3160,1998,1072.318334960937,1054.292553710937,1057.968481445312
5158,1998,1072.676586914063,1045.0810546875,1029.605493164063
6072,1998,1072.774780273438,1049.337182617186,1047.725
6050,1998,1072.870727539063,1050.801513671875,1134.160302734375
2100,1998,1072.94599609375,1131.027075195312,1052.108203125
5041,1998,1073.317138671875,1029.91162109375,1095.121484375
6173,1998,1073.33681640625,1131.864208984378,1007.428686523437
6019,1998,1073.3787109375,1047.760595703125,1108.662768554687
2905,1998,1073.915576171876,1090.648022460938,1065.502294921875
2026,1998,1073.915795898438,1063.079907226565,1139.314648437499
2902,1998,1074.302734375,1102.440112304688,1086.399096679687
2230,1998,1074.325952148437,1093.446484374999,1073.685522460938
5049,1998,1074.443359375,1049.728735351562,1065.7453125
4153,1998,1074.53603515625,1094.948608398438,1041.635278320313
2223,1998,1074.690454101562,1095.724804687499,1083.514331054688
6158,1998,1074.7177734375,1056.019995117189,1129.290795898438
4104,1998,1075.05654296875,1057.829125976563,1117.710498046875
6028,1998,1075.339233398438,1110.830078125,1023.060229492188
3059,1998,1075.347875976563,1116.87099609375,1012.334252929688
2138,1998,1075.498217773437,1119.989697265624,1085.640600585937
3804,1998,1075.627001953126,1103.214892578126,1006.666809082031
2229,1998,1075.81171875,1128.229711914063,1060.846533203125
3806,1998,1075.922265625,1081.392749023438,1030.717749023437
2077,1998,1075.9541015625,1095.227368164062,1104.320751953125
2050,1998,1076.019116210937,1077.825109863283,1166.534374999999
4059,1998,1076.332568359375,1039.321875000002,1155.624291992188
4155,1998,1076.38935546875,1102.339794921874,1038.442822265625
2568,1998,1076.688525390625,1095.128637695312,1044.194702148438
3108,1998,1076.794067382813,1095.628344726563,1093.474584960937
2034,1998,1077.235546875,1093.22998046875,1138.491137695312
7052,1998,1077.8697265625,1036.60546875,1064.229907226562
5245,1998,1078.039184570313,1030.913256835938,1051.890063476562
2111,1998,1078.433447265625,1101.967431640624,1107.864697265625
5231,1998,1078.5470703125,1044.633862304687,1019.676171875
2606,1998,1078.819018554688,1067.551855468752,1136.932836914062
4007,1998,1078.987255859375,1093.735400390626,1118.740576171875
3926,1998,1079.006640625,1023.598046875,1055.66474609375
2576,1998,1079.10537109375,1066.189184570312,1083.857250976563
2155,1998,1079.241625976563,1154.998803710936,1049.452246093752
2232,1998,1079.57080078125,1125.380297851563,1066.796264648438
7258,1998,1079.774291992188,1065.030249023439,1026.615380859375
6007,1998,1079.8513671875,1050.210852050783,1156.934130859375
2173,1998,1079.994067382813,1119.468530273438,1057.273095703125
5063,1998,1080.110205078125,1033.180993652342,1146.012646484375
2508,1998,1080.189965820312,1096.4076171875,1048.7005859375
3178,1998,1080.565112304688,1104.077563476562,1038.571826171876
3125,1998,1080.583471679688,1069.660424804687,1115.750048828125
3129,1998,1080.784399414063,1061.964038085938,1111.135693359375
4064,1998,1081.161889648438,1061.957275390625,1160.584204101562
2221,1998,1081.733618164062,1134.855615234375,1086.798364257812
3109,1998,1081.96376953125,1102.810009765624,1090.344702148438
5020,1998,1082.361328125,1078.928198242187,1058.960473632813
6154,1998,1082.36953125,1077.638378906249,1106.084130859375
3130,1998,1082.474536132813,1061.135522460937,1103.954736328125
2031,1998,1083.149145507812,1083.985253906249,1149.699389648438
6155,1998,1083.19951171875,1110.320483398438,1060.276391601562
2226,1998,1083.232104492187,1120.237451171875,1077.15859375
5076,1998,1083.464965820313,1061.487036132814,1053.41923828125
6076,1998,1083.60361328125,1081.488720703124,1068.52373046875
2022,1998,1083.607836914063,1103.98234863281,1156.24990234375
2227,1998,1083.769653320313,1123.82314453125,1061.119482421875
3088,1998,1083.772216796875,1081.341821289063,1057.3607421875
5034,1998,1083.867163085938,1047.628198242188,1137.281225585938
5021,1998,1084.103662109375,1092.676171875,1053.8767578125
5069,1998,1084.117846679688,1054.190942382813,1150.451538085938
5159,1998,1084.128369140625,1069.512719726561,1047.965283203124
2157,1998,1084.345483398438,1113.397338867188,1050.550244140625
3091,1998,1084.380786132813,1105.044995117188,1051.808032226562
2101,1998,1084.596875,1126.498339843751,1060.423291015625
5153,1998,1084.9513671875,1040.919189453125,1074.2609375
3041,1998,1085.152172851563,1072.1970703125,1086.770458984375
2102,1998,1085.235424804688,1149.072680664062,1052.418627929687
2617,1998,1085.628466796875,1096.814453125,1108.873999023438
5155,1998,1085.635009765625,1046.094433593749,1097.216943359375
2906,1998,1085.916455078124,1102.2744140625,1060.33779296875
6026,1998,1086.640380859375,1116.180786132813,1040.878466796875
3149,1998,1087.38515625,1081.828686523438,1106.038818359375
3185,1998,1087.506860351563,1064.701074218749,1145.41708984375
5068,1998,1087.640698242188,1045.906372070313,1145.770336914063
3094,1998,1087.694970703125,1077.9494140625,1074.770361328125
3431,1998,1087.71240234375,1080.656762695311,1039.956274414062
2621,1998,1087.807006835938,1083.750048828126,1073.054492187501
2900,1998,1088.060400390625,1081.129077148435,1121.362744140625
4055,1998,1088.27421875,1106.764892578125,1058.501953125
7007,1998,1088.950244140625,1037.088720703125,1171.654077148438
2103,1998,1089.325830078125,1136.741162109374,1059.81328125
3159,1998,1089.371240234375,1062.613452148437,1068.613989257812
3767,1998,1089.7244140625,1043.895312500001,1090.670385742187
5263,1998,1090.022102864583,996.8277180989571,1023.163012695312
3792,1998,1090.119604492188,1040.808349609375,1080.009448242188
3204,1998,1090.305615234375,1068.14072265625,1109.850952148438
2778,1998,1090.4798828125,1066.878637695313,1110.443481445313
5089,1998,1090.526953125,1082.012622070313,1059.660766601563
6151,1998,1090.776611328125,1073.22265625,1146.0548828125
3934,1998,1091.084350585938,1063.179663085937,1064.922119140625
2024,1998,1091.462231445313,1106.612329101561,1146.926586914063
4067,1998,1091.63330078125,1063.411157226561,1227.678369140625
7020,1998,1091.70546875,1050.852612304687,1056.84169921875
3437,1998,1092.812280273438,1088.275244140627,1060.933764648438
2122,1998,1092.921069335938,1107.432104492187,1143.799072265625
2096,1998,1093.377807617188,1107.678955078125,1101.885278320313
2776,1998,1093.860327148437,1085.969287109375,1110.946557617188
2777,1998,1093.994897460938,1088.738647460938,1094.219262695313
2067,1998,1094.035351562499,1135.541015625,1159.036596679688
4073,1998,1094.244677734375,1100.71396484375,1098.014965820313
4066,1998,1094.33544921875,1041.731787109377,1184.371997070313
6071,1998,1095.097705078125,1083.809594726561,1087.43271484375
2233,1998,1095.566943359375,1149.906616210938,1050.451440429688
3133,1998,1095.648291015625,1118.571533203125,1086.482983398438
2627,1998,1095.675830078126,1003.702807617188,1065.900708007812
3788,1998,1095.925732421875,1059.227026367187,1101.487548828125
3107,1998,1096.06484375,1119.126806640625,1099.980200195313
2774,1998,1096.688549804688,1096.538037109375,1103.80341796875
5151,1998,1097.36083984375,1032.938208007813,1084.617846679687
4035,1998,1098.123754882812,1140.920043945313,1058.802026367187
3162,1998,1098.465625,1078.57998046875,1142.6828125
6153,1998,1099.118579101562,1098.045678710937,1133.238549804687
6020,1998,1099.234936523438,1130.167822265625,1096.458740234375
5133,1998,1099.332788085938,1077.720825195313,1084.061157226563
3150,1998,1099.477563476563,1122.937622070313,1107.946044921875
3791,1998,1099.525341796875,1056.072509765625,1096.64384765625
3054,1998,1099.654663085938,1079.215063476564,1223.573095703125
6014,1998,1100.351831054687,1079.063720703125,1156.081298828125
6008,1998,1100.500903320313,1085.892749023435,1192.635278320313
3099,1998,1100.536572265625,1075.231713867186,1068.144799804688
5157,1998,1100.878125,1057.709545898437,1074.698608398438
5131,1998,1101.548779296875,1076.172705078127,1064.020678710937
7170,1998,1103.188818359375,1069.660107421874,1064.939746093751
3438,1998,1103.263330078125,1087.642749023437,1086.852221679688
2611,1998,1103.336474609375,1128.369580078125,1124.02265625
2097,1998,1103.425927734375,1155.338818359375,1081.569970703125
4074,1998,1103.444628906251,1125.053369140625,1105.10322265625
3084,1998,1103.734790039063,1093.6712890625,1125.090625
2039,1998,1103.982568359375,1144.15095214844,1166.985034179687
4060,1998,1104.187231445312,1087.693725585938,1150.128247070313
2614,1998,1104.645947265625,1109.4771484375,1155.863012695313
2038,1998,1104.788500976562,1122.264550781249,1177.094360351563
3206,1998,1104.942919921875,1119.134179687499,1172.574438476563
3089,1998,1105.02529296875,1110.069775390624,1059.221728515626
3090,1998,1105.02529296875,1110.069775390624,1059.221728515626
2620,1998,1105.141748046874,986.2377075195327,1145.940625000003
6023,1998,1105.182177734375,1142.448339843752,1090.99833984375
3079,1998,1106.06494140625,1092.192993164063,1153.290112304688
5081,1998,1106.40205078125,1088.389453125,1148.305590820313
2093,1998,1106.744702148438,1150.086889648439,1121.553173828125
2064,1998,1106.795239257813,1115.371264648435,1189.182543945312
2118,1998,1107.123828125001,1158.862329101561,1126.06591796875
2159,1998,1107.534057617188,1136.002075195313,1086.903344726563
6150,1998,1107.728930664063,1122.781958007814,1136.110327148438
6149,1998,1107.754101562499,1135.19873046875,1103.475708007813
3808,1998,1108.536401367188,1125.414526367187,1065.79599609375
4156,1998,1108.628125,1156.483984375,1095.465747070313
3191,1998,1109.280322265625,1112.860791015624,1140.739672851563
6029,1998,1109.440258789063,1103.991455078125,1118.027294921875
4068,1998,1110.511572265625,1080.060351562501,1194.376416015625
2913,1998,1110.713305664063,1122.251782226562,1114.466284179688
5136,1998,1111.266772460938,1023.91142578125,1121.3076171875
2153,1998,1111.36689453125,1182.163134765625,1094.2548828125
2047,1998,1112.35517578125,1159.306347656249,1151.732861328125
5050,1998,1112.5373046875,1088.303881835938,1128.241552734375
3928,1998,1113.2404296875,1070.352832031251,1100.38408203125
4037,1998,1113.5185546875,1159.1998046875,1069.891748046875
6010,1998,1114.153076171875,1123.941186523438,1179.273876953125
3111,1998,1114.159545898438,1141.67763671875,1102.6603515625
2607,1998,1114.300756835937,1137.03994140625,1147.876708984375
4520,1998,1114.3234375,1127.956396484377,1103.833056640625
5141,1998,1114.370971679688,1006.051184082031,1103.9263671875
2068,1998,1114.443920898438,1168.042285156251,1149.602026367188
2225,1998,1114.51328125,1161.895312500001,1098.8126953125
2079,1998,1114.571826171875,1155.028759765625,1110.209301757813
2084,1998,1114.671411132813,1180.780541992188,1097.02421875
3916,1998,1115.0765625,1031.015600585937,1112.259643554688
2094,1998,1115.100170898438,1136.56096191406,1148.328686523438
3106,1998,1115.336499023438,1169.616113281249,1114.052416992187
3161,1998,1115.803735351562,1092.760034179686,1175.830297851563
5061,1998,1115.87724609375,1099.479052734375,1168.830224609375
5062,1998,1116.213354492187,1083.677880859375,1155.685620117188
2082,1998,1116.418676757812,1167.603979492187,1084.724682617188
3122,1998,1116.938208007812,1099.960424804689,1197.489697265625
2041,1998,1117.157299804688,1158.179858398435,1206.763305664063
3787,1998,1117.991870117188,1082.021850585938,1123.7623046875
5065,1998,1118.11708984375,1088.88486328125,1172.699340820313
6070,1998,1118.351855468751,1113.333691406249,1137.6126953125
4065,1998,1118.831469726563,1109.850292968749,1177.385522460937
7005,1998,1119.084936523437,1068.2546875,1185.348413085937
7006,1998,1119.084936523437,1068.2546875,1185.348413085937
2904,1998,1119.0873046875,1160.237426757813,1113.41005859375
2061,1998,1119.159643554689,1138.824169921878,1209.214916992187
2087,1998,1119.305053710938,1182.732568359375,1122.81708984375
2234,1998,1120.510302734376,1206.656005859375,1092.925024414062
4061,1998,1120.754565429688,1138.288842773438,1141.472583007812
2914,1998,1120.858203125001,1134.647998046876,1116.345385742187
2773,1998,1120.8826171875,1128.76533203125,1132.002685546875
2106,1998,1120.926708984375,1156.511254882813,1117.465014648438
3093,1998,1121.064794921875,1145.690136718749,1108.353833007812
5051,1998,1121.171240234375,1087.201489257812,1136.060473632812
2599,1998,1121.439208984375,1106.357617187503,1191.351684570313
2600,1998,1121.439208984375,1106.357617187503,1191.351684570313
3103,1998,1122.0052734375,1124.5474609375,1172.694360351563
3143,1998,1122.34716796875,1113.337597656253,1191.65439453125
2021,1998,1123.255615234375,1145.120922851565,1202.47939453125
3123,1998,1123.270971679688,1105.829125976561,1194.695849609375
3102,1998,1123.388647460937,1115.228637695313,1173.394970703125
2154,1998,1123.409814453125,1196.362768554687,1122.668505859375
2121,1998,1124.951342773438,1144.886376953125,1173.30322265625
3930,1998,1125.473559570312,1141.600756835938,1116.580004882813
2158,1998,1125.561596679687,1200.64638671875,1110.011157226562
3115,1998,1125.656640625,1157.880249023438,1079.2677734375
2603,1998,1125.737377929688,1147.702856445314,1206.31123046875
2028,1998,1126.1333984375,1151.372851562497,1200.898095703125
5137,1998,1126.272778320313,1070.366040039063,1131.916430664062
3104,1998,1126.421484375,1139.264453125,1167.76591796875
3187,1998,1126.506616210937,1132.167797851562,1151.660766601563
2092,1998,1126.518823242188,1193.999365234375,1148.302758789062
2086,1998,1126.576342773437,1197.542187499999,1113.907592773438
3766,1998,1127.757177734375,1087.102978515624,1132.939892578124
2107,1998,1128.58759765625,1171.441796875,1126.557934570313
3095,1998,1128.750512695313,1147.489379882813,1112.887939453125
2085,1998,1129.013500976563,1225.368750000002,1107.0439453125
2104,1998,1129.815112304688,1182.00302734375,1124.174829101562
5064,1998,1130.367358398437,1126.2021484375,1165.6404296875
2605,1998,1131.296948242188,1125.95107421875,1185.634521484375
7053,1998,1131.67548828125,1092.266259765624,1190.895751953125
3100,1998,1132.403979492187,1146.954809570314,1195.298193359375
3101,1998,1132.403979492187,1146.954809570314,1195.298193359375
2120,1998,1132.416552734376,1180.324536132812,1154.438989257813
2065,1998,1132.695166015625,1161.233227539065,1199.71298828125
2110,1998,1133.86865234375,1180.6927734375,1176.825756835938
4070,1998,1134.121337890625,1155.772875976563,1140.28564453125
2156,1998,1134.133447265625,1222.972631835939,1110.374194335938
3145,1998,1134.291577148438,1131.228100585937,1184.731030273438
3193,1998,1134.314038085938,1151.928515625,1143.09892578125
6009,1998,1134.341943359375,1149.831787109375,1221.00849609375
2062,1998,1134.693676757813,1168.14606933594,1190.16953125
3441,1998,1135.450415039063,1100.4701171875,1151.112451171875
5152,1998,1136.893408203125,1112.006127929688,1164.3669921875
2066,1998,1137.612622070313,1166.758325195311,1186.607885742188
3144,1998,1138.3736328125,1145.756640625001,1193.234448242188
3113,1998,1138.580419921875,1151.656469726562,1135.6462890625
3146,1998,1140.241381835937,1132.557910156251,1189.339013671875
3127,1998,1140.498071289063,1134.571704101563,1187.600048828125
2060,1998,1140.733740234375,1146.808618164068,1221.578686523437
2027,1998,1140.862963867187,1202.535888671875,1198.629052734375
2618,1998,1141.091430664063,1180.994775390625,1137.305590820312
2619,1998,1141.091430664063,1180.994775390625,1137.305590820312
5066,1998,1141.659838867187,1142.542822265625,1181.056274414063
5052,1998,1142.561279296875,1116.815600585938,1167.495361328125
5059,1998,1142.561279296875,1116.815600585938,1167.495361328125
5154,1998,1143.406567382812,1113.644482421874,1167.051220703124
3186,1998,1143.455053710937,1183.648974609376,1177.310864257813
3114,1998,1143.800219726562,1191.476269531249,1125.76171875
6011,1998,1145.784887695312,1166.263696289063,1205.431616210938
2076,1998,1145.80654296875,1200.2140625,1176.448266601562
2126,1998,1145.96640625,1225.97880859375,1160.688916015625
3124,1998,1146.356494140625,1158.518359375001,1192.361083984375
4069,1998,1147.304711914063,1185.031762695311,1186.88310546875
2125,1998,1148.39951171875,1232.971655273437,1157.22900390625
5140,1998,1148.763793945313,1119.493408203125,1166.032836914063
2030,1998,1149.115063476563,1213.055541992188,1183.805859375
2090,1998,1149.538916015625,1185.12883300781,1217.061694335938
2089,1998,1152.823950195313,1181.334374999999,1214.434326171875
3142,1998,1153.591333007813,1187.3369140625,1203.592065429688
2105,1998,1155.305688476563,1193.403759765624,1164.17578125
2070,1998,1155.431323242188,1217.76494140625,1205.97294921875
3126,1998,1156.277026367187,1186.665454101563,1199.842260742188
2088,1998,1156.648388671875,1211.352392578127,1207.028442382813
2072,1998,1157.435522460937,1220.520703125,1211.604833984375
2074,1998,1158.947705078124,1225.549145507813,1191.298974609375
2023,1998,1159.413793945312,1205.82575683594,1213.347045898438
2069,1998,1160.998828125,1222.2390625,1204.199853515625
6015,1998,1161.669140625,1225.154541015625,1196.75478515625
2063,1998,1162.272412109375,1226.965747070312,1195.1265625
2119,1998,1162.623461914062,1220.259497070312,1195.676586914063
2071,1998,1165.944458007813,1245.74404296875,1213.752856445312
2073,1998,1169.859741210938,1243.2123046875,1206.4982421875
2075,1998,1170.952026367188,1254.291845703125,1191.143334960938
516,1998,,,
953,1998,,,
6122,1998,,,
6627,1998,,,
6846,1998,,,
6850,1998,,,
9997,1998,,,
9999,1998,,,
